windowDuration_s,signalName,arOrder,medianDeltaAICc_relativeToAR1,fractionOfProbeFitsLocallyBest
60,surge_m,1,0,0
60,surge_m,2,-1574.08423046201,0
60,surge_m,3,-2505.46524318902,0
60,surge_m,4,-3529.32703246473,0
60,surge_m,5,-4224.23075285497,0.015
60,surge_m,6,-4957.44538196506,0.0216666666666667
60,surge_m,7,-5554.81326529964,0.0216666666666667
60,surge_m,8,-6243.17676985706,0.0316666666666667
60,surge_m,9,-6801.07431396113,0.00333333333333333
60,surge_m,10,-7493.81804932652,0.005
60,surge_m,11,-8049.20344236987,0
60,surge_m,12,-8568.63281837875,0
60,surge_m,13,-8883.08352738165,0
60,surge_m,14,-9326.41535884094,0
60,surge_m,15,-9707.52162292656,0
60,surge_m,16,-10028.9670195125,0
60,surge_m,17,-10252.6263662631,0
60,surge_m,18,-10589.8605804295,0
60,surge_m,19,-10776.9500431445,0
60,surge_m,20,-10978.0813168251,0
60,surge_m,21,-11146.0518489447,0
60,surge_m,22,-11193.6073268445,0
60,surge_m,23,-11226.8389082056,0
60,surge_m,24,-11276.4787397349,0
60,surge_m,25,-11310.6987157382,0
60,surge_m,26,-11335.8231025302,0
60,surge_m,27,-11360.9640474975,0
60,surge_m,28,-11373.7174425792,0.0166666666666667
60,surge_m,29,-11373.3971032327,0.08
60,surge_m,30,-11391.6709170166,0.805
60,heave_m,1,0,0
60,heave_m,2,-1638.21382120899,0
60,heave_m,3,-2580.02181203078,0.015
60,heave_m,4,-3767.45580051143,0.01
60,heave_m,5,-4590.6568767971,0.0116666666666667
60,heave_m,6,-5525.56013385055,0.0583333333333333
60,heave_m,7,-6174.13196508172,0.00166666666666667
60,heave_m,8,-6893.27199165109,0.00166666666666667
60,heave_m,9,-7438.5748649225,0.00166666666666667
60,heave_m,10,-8100.08807308244,0
60,heave_m,11,-8637.99101346527,0
60,heave_m,12,-9194.22511268367,0
60,heave_m,13,-9531.15949325742,0
60,heave_m,14,-9900.7585332903,0
60,heave_m,15,-10204.7742397031,0
60,heave_m,16,-10495.3236239043,0
60,heave_m,17,-10695.7831978618,0
60,heave_m,18,-11039.991045676,0
60,heave_m,19,-11254.8967118663,0
60,heave_m,20,-11340.7360517055,0
60,heave_m,21,-11344.2905525672,0
60,heave_m,22,-11457.7739565429,0
60,heave_m,23,-11485.8634280444,0
60,heave_m,24,-11535.341793521,0
60,heave_m,25,-11572.0663733851,0
60,heave_m,26,-11576.4291635541,0
60,heave_m,27,-11609.5604597575,0.00166666666666667
60,heave_m,28,-11625.1339072805,0.02
60,heave_m,29,-11638.5247870039,0.248333333333333
60,heave_m,30,-11639.4607412459,0.63
60,pitch_rad,1,0,0
60,pitch_rad,2,-1508.99481935276,0
60,pitch_rad,3,-2483.93579372129,0
60,pitch_rad,4,-3515.83636840057,0
60,pitch_rad,5,-4220.66946873079,0.0133333333333333
60,pitch_rad,6,-4843.33073861375,0.0233333333333333
60,pitch_rad,7,-5389.15454287702,0.0283333333333333
60,pitch_rad,8,-6097.79452625875,0.03
60,pitch_rad,9,-6745.38807393353,0.00333333333333333
60,pitch_rad,10,-7535.36912594128,0
60,pitch_rad,11,-8177.27502786599,0.00166666666666667
60,pitch_rad,12,-8937.32430608902,0
60,pitch_rad,13,-9387.15493904228,0
60,pitch_rad,14,-9697.62134614862,0
60,pitch_rad,15,-9969.55036901159,0
60,pitch_rad,16,-10358.3528234099,0
60,pitch_rad,17,-10528.1103161896,0
60,pitch_rad,18,-10766.2415724996,0
60,pitch_rad,19,-10986.2711770811,0
60,pitch_rad,20,-11128.405806561,0
60,pitch_rad,21,-11268.4589926214,0
60,pitch_rad,22,-11357.6533188398,0
60,pitch_rad,23,-11359.4859349855,0
60,pitch_rad,24,-11367.3018426106,0
60,pitch_rad,25,-11419.588835091,0
60,pitch_rad,26,-11433.3742204045,0
60,pitch_rad,27,-11433.1507867069,0.01
60,pitch_rad,28,-11442.471640876,0.0283333333333333
60,pitch_rad,29,-11461.204353961,0.311666666666667
60,pitch_rad,30,-11459.6369094119,0.55
60,relDisp_m,1,0,0
60,relDisp_m,2,-1632.70419034201,0
60,relDisp_m,3,-2553.17908664259,0
60,relDisp_m,4,-3742.70855982064,0
60,relDisp_m,5,-4548.07900780705,0.015
60,relDisp_m,6,-5481.73278479182,0.0183333333333333
60,relDisp_m,7,-6114.07976462184,0.02
60,relDisp_m,8,-6802.56955964258,0.03
60,relDisp_m,9,-7304.15594402721,0.005
60,relDisp_m,10,-7851.40625577703,0.00333333333333333
60,relDisp_m,11,-8250.36494109609,0.00333333333333333
60,relDisp_m,12,-8679.85148561314,0.005
60,relDisp_m,13,-9008.45266483471,0
60,relDisp_m,14,-9367.49769392223,0
60,relDisp_m,15,-9597.10867452501,0
60,relDisp_m,16,-9878.54744128166,0
60,relDisp_m,17,-10138.4938908058,0
60,relDisp_m,18,-10428.5709203112,0
60,relDisp_m,19,-10686.9029878667,0
60,relDisp_m,20,-11018.5976774227,0
60,relDisp_m,21,-11246.9647724109,0
60,relDisp_m,22,-11411.9681023525,0
60,relDisp_m,23,-11466.7561567104,0
60,relDisp_m,24,-11469.8632531484,0
60,relDisp_m,25,-11493.8762924067,0
60,relDisp_m,26,-11515.2396730531,0
60,relDisp_m,27,-11533.2868174547,0.005
60,relDisp_m,28,-11537.2327832143,0.065
60,relDisp_m,29,-11563.4401583936,0.095
60,relDisp_m,30,-11575.4627028755,0.735
60,relVel_mps,1,0,0
60,relVel_mps,2,-1516.86754014259,0
60,relVel_mps,3,-2371.81126653948,0
60,relVel_mps,4,-3509.04645742804,0
60,relVel_mps,5,-4234.31104523621,0.00833333333333333
60,relVel_mps,6,-5063.23102212503,0.0116666666666667
60,relVel_mps,7,-5627.14754353387,0.0266666666666667
60,relVel_mps,8,-6246.33816136778,0.0266666666666667
60,relVel_mps,9,-6692.2919044107,0.0116666666666667
60,relVel_mps,10,-7172.30098217324,0.005
60,relVel_mps,11,-7537.365778106,0.00666666666666667
60,relVel_mps,12,-7932.64113063272,0
60,relVel_mps,13,-8236.06821940096,0
60,relVel_mps,14,-8511.55526511711,0
60,relVel_mps,15,-8743.21934616326,0
60,relVel_mps,16,-9050.57315770249,0
60,relVel_mps,17,-9294.89421180003,0
60,relVel_mps,18,-9601.5702685078,0
60,relVel_mps,19,-9873.4177876658,0
60,relVel_mps,20,-10140.7944201175,0.00166666666666667
60,relVel_mps,21,-10327.7330607815,0
60,relVel_mps,22,-10495.7174245642,0
60,relVel_mps,23,-10560.202098116,0
60,relVel_mps,24,-10624.8016510349,0
60,relVel_mps,25,-10629.2718565585,0
60,relVel_mps,26,-10641.7442159379,0.00166666666666667
60,relVel_mps,27,-10648.4124315596,0.00333333333333333
60,relVel_mps,28,-10652.184370656,0.00833333333333333
60,relVel_mps,29,-10671.1384451679,0.153333333333333
60,relVel_mps,30,-10678.3591303502,0.735
60,ptoForce_N,1,0,0
60,ptoForce_N,2,-1516.86754014259,0
60,ptoForce_N,3,-2371.81126653949,0
60,ptoForce_N,4,-3509.046457428,0
60,ptoForce_N,5,-4234.31104523647,0.00833333333333333
60,ptoForce_N,6,-5063.23102212498,0.0116666666666667
60,ptoForce_N,7,-5627.14754352967,0.0266666666666667
60,ptoForce_N,8,-6246.33816137257,0.0266666666666667
60,ptoForce_N,9,-6692.29190436092,0.0116666666666667
60,ptoForce_N,10,-7172.30098247439,0.005
60,ptoForce_N,11,-7537.36577972586,0.00666666666666667
60,ptoForce_N,12,-7932.64113168726,0
60,ptoForce_N,13,-8236.06818508681,0
60,ptoForce_N,14,-8511.55522922003,0
60,ptoForce_N,15,-8743.21916271098,0
60,ptoForce_N,16,-9050.57335582828,0
60,ptoForce_N,17,-9294.89546051799,0
60,ptoForce_N,18,-9601.57102475169,0
60,ptoForce_N,19,-9873.44282713982,0
60,ptoForce_N,20,-10140.707343265,0.00166666666666667
60,ptoForce_N,21,-10327.6949755137,0
60,ptoForce_N,22,-10495.85009051,0
60,ptoForce_N,23,-10561.2839323978,0
60,ptoForce_N,24,-10619.6817740144,0
60,ptoForce_N,25,-10623.057476648,0
60,ptoForce_N,26,-10638.5337376167,0.00166666666666667
60,ptoForce_N,27,-10649.9853391736,0.00333333333333333
60,ptoForce_N,28,-10653.1601701955,0.0116666666666667
60,ptoForce_N,29,-10671.0483727088,0.158333333333333
60,ptoForce_N,30,-10678.4368920106,0.726666666666667
